question,answer,context,top_source_file,top_chunk_id,top_distance
How many days can employees work remotely?,"Based on the retrieved company policy context, the answer is:

Remote Work Policy Employees may work remotely up to three days per week with manager approval. Remote employees must be available during core business hours. Company data should only be accessed through approved secure systems. Employees are responsible for maintaining

Source: remote_work_policy.txt, chunk 1","Source: remote_work_policy.txt, Chunk: 1
Text: Remote Work Policy Employees may work remotely up to three days per week with manager approval. Remote employees must be available during core business hours. Company data should only be accessed through approved secure systems. Employees are responsible for maintaining

---

Source: company_policy.txt, Chunk: 2
Text: for medical reasons. Employees should notify their manager as soon as possible. Unused vacation days may not be carried forward unless approved by HR.

---

Source: company_policy.txt, Chunk: 1
Text: Company Leave Policy Employees are eligible for paid time off after completing 90 days of employment. Full-time employees receive 15 days of paid vacation per year. Sick leave is available for medical reasons. Employees should notify their manager as soon",remote_work_policy.txt,remote_work_policy_chunk_1,0.4702035188674927
Can employees share passwords?,"Based on the retrieved company policy context, the answer is:

IT Security Policy Employees must not share passwords with anyone. All company laptops must use multi-factor authentication. Confidential data should not be stored on personal devices. Suspicious emails should be reported to the IT security team immediately.

Source: it_security_policy.txt, chunk 1","Source: it_security_policy.txt, Chunk: 1
Text: IT Security Policy Employees must not share passwords with anyone. All company laptops must use multi-factor authentication. Confidential data should not be stored on personal devices. Suspicious emails should be reported to the IT security team immediately.

---

Source: remote_work_policy.txt, Chunk: 2
Text: accessed through approved secure systems. Employees are responsible for maintaining a professional work environment.

---

Source: remote_work_policy.txt, Chunk: 1
Text: Remote Work Policy Employees may work remotely up to three days per week with manager approval. Remote employees must be available during core business hours. Company data should only be accessed through approved secure systems. Employees are responsible for maintaining",it_security_policy.txt,it_security_policy_chunk_1,0.668080747127533
How many vacation days do full-time employees receive?,"Based on the retrieved company policy context, the answer is:

Company Leave Policy Employees are eligible for paid time off after completing 90 days of employment. Full-time employees receive 15 days of paid vacation per year. Sick leave is available for medical reasons. Employees should notify their manager as soon

Source: company_policy.txt, chunk 1","Source: company_policy.txt, Chunk: 1
Text: Company Leave Policy Employees are eligible for paid time off after completing 90 days of employment. Full-time employees receive 15 days of paid vacation per year. Sick leave is available for medical reasons. Employees should notify their manager as soon

---

Source: company_policy.txt, Chunk: 2
Text: for medical reasons. Employees should notify their manager as soon as possible. Unused vacation days may not be carried forward unless approved by HR.

---

Source: remote_work_policy.txt, Chunk: 1
Text: Remote Work Policy Employees may work remotely up to three days per week with manager approval. Remote employees must be available during core business hours. Company data should only be accessed through approved secure systems. Employees are responsible for maintaining",company_policy.txt,company_policy_chunk_1,0.7094607353210449
Where should suspicious emails be reported?,"Based on the retrieved company policy context, the answer is:

reported to the IT security team immediately.

Source: it_security_policy.txt, chunk 2","Source: it_security_policy.txt, Chunk: 2
Text: reported to the IT security team immediately.

---

Source: it_security_policy.txt, Chunk: 1
Text: IT Security Policy Employees must not share passwords with anyone. All company laptops must use multi-factor authentication. Confidential data should not be stored on personal devices. Suspicious emails should be reported to the IT security team immediately.

---

Source: remote_work_policy.txt, Chunk: 2
Text: accessed through approved secure systems. Employees are responsible for maintaining a professional work environment.",it_security_policy.txt,it_security_policy_chunk_2,1.3186360597610474
